'Twitter Account','raw_scores achievement_driven','raw_scores adjustment', 'raw_scores agreeable', 'raw_scores body_focus', 'raw_scores cold' ,'raw_scores conscientious',  'raw_scores depression', ' raw_scores extraversion', 'raw_scores family_oriented', 'raw_scores food_focus','raw_scores friend_focus', 'raw_scores happiness', 'raw_scores health_oriented','raw_scores impulsive', 'raw_scores independent','raw_scores insecure', 'raw_scores leisure_oriented', 'raw_scores money_oriented', 'raw_scores netspeak_focus', 'raw_scores neuroticism','raw_scores openness', 'raw_scores persuasive','raw_scores power_driven',  'raw_scores religion_oriented' , 'raw_scores reward_bias','raw_scores sexual_focus', 'raw_scores social_skills','raw_scores thinking_style','raw_scores type_a','raw_scores work_oriented','raw_scores workhorse','percentiles achievement_driven', 'percentiles adjustment', 'percentiles agreeable','percentiles body_focus', 'percentiles cold', 'percentiles conscientious', 'percentiles depression','percentiles extraversion', 'percentiles family_oriented', 'percentiles food_focus', 'percentiles friend_focus', 'percentiles happiness','percentiles health_oriented', 'percentiles impulsive', 'percentiles independent', 'percentiles insecure','percentiles leisure_oriented', 'percentiles money_oriented', 'percentiles netspeak_focus', 'percentiles neuroticism', 'percentiles openness','percentiles persuasive', 'percentiles power_driven', 'percentiles religion_oriented','percentiles reward_bias', 'percentiles sexual_focus', 'percentiles social_skills', 'percentiles thinking_style', 'percentiles type_a', 'percentiles work_oriented','percentiles workhorse'
billgates,5.37637364153842,0.9158983518849628,-1.007065800071703,0.10162601,-2.226445622071992,3.3071693589257753,-1.5203071915337278,4.816195504079248,3.1798292286715943,0.16937669,0.20325202,5.66739162956242,1.4905149,0.8377075952749076,-3.6862534809679257,-0.9855393995532589,1.6598916,1.1856369,0.20325202,2.587115083052387,3.8773813484875337,1.694995414430702,9.356326073025059,0.06775068,1.9647696700000001,0.37262873,1.995172770105675,0.347794659287327,12.670869868245259,2.5,-2.116766618809123,76.46520025702642,98.39408556622203,33.57824612943941,38.85973628059318,22.557221766069212,97.32328838956433,5.210515775569631,94.28549454820794,45.10130673185207,45.033203709476446,55.481085889971034,57.11009439079325,98.53547045738647,28.22035743559249,74.93760075733148,14.528979001691678,84.62353836127976,80.72846601503211,29.885592201470583,7.230522797811614,98.30321918013772,88.83611842725108,99,45.71725730262771,72.60358806818182,99,68.45603358919026,91.35915525252594,99,84.07462308539698,59.07076487570204
jeffbezos,6.313658032140171,3.5208166507615437,0.9168372845985542,0.25445292999999997,-2.739432210849526,2.8088177003009758,-2.1708959735691256,5.275040596897837,1.8421249742599688,0.0,0.8905852000000001,10.435209777488668,0.50890585,0.7812576589144662,-3.046627439953512,-1.5942833365580367,1.5267176,0.12722645999999999,0.8905852000000001,2.5141374933727647,1.6717358597227148,5.1190017749005525,9.899477116184366,0.25445292999999997,2.0356234000000004,0.12722645999999999,2.676548405932538,1.4805897203703715,10.075145542584767,2.5,0.98756985406226,90.75324738913208,99,69.08870847484171,58.659111037957025,14.02490040281423,94.12674680132983,1.9550167814984336,97.23316038165667,17.573165609419302,36.90316610452883,99,99,62.59959041023445,27.231049052128743,84.49193460410753,7.705853854593596,81.21468360170888,33.59818138489879,53.915725666341025,6.873085784662552,44.54457153495731,99,99,74.12063860872317,74.8130315249267,90.40036920670073,86.98696898384554,98.84087030786452,92.40221672803631,84.07462308539698,95.26391785331202
mikebloomberg,5.292441496239761,3.2295108479348937,0.2600600956801816,0.28044872,-2.487840838607866,4.540586473225569,-1.1281265303057788,5.353121445744637,2.4089385110288113,0.8012821,0.56089745,7.369423121862453,2.1233974,0.949153996265756,-2.166605213744441,-1.000447901343594,1.1217949,1.8028846,0.44070515,2.1365304812614916,4.070698501856119,1.670697460383371,10.974930907102861,0.12019231,1.2820513500000001,0.12019231,2.1425526789882836,2.121232808572525,12.893655019848046,2.5,0.7757448270392985,74.77957675586248,99,57.29360748728117,61.980387497531495,17.888040606021395,99,8.692061376165228,97.56822674126892,27.794632649120068,74.4198544489883,90.1032786117115,84.05620879491393,99,30.221608762688824,93.12680456872909,14.323503206577076,68.34868548621421,94.73769258075708,37.76570114370038,5.24896717404658,99,88.6343618007122,99,54.17156290248285,48.18376325757576,88.81602685689074,73.24004033390992,99,99,84.07462308539698,94.21664252822615
clippersteveb,6.655356361691269,2.7212927527212583,2.641558403784219,0.0,-3.5523537566137566,3.2621824584182644,-2.434232585830421,6.333737663043478,1.89118663301137,0.0,0.6437768,12.221803490198937,0.21459227,2.810601690697,-6.741876889699856,-0.351817397926133,2.5,0.6437768,0.6437768,4.023110405900182,1.4575142762613729,2.94087606813214,11.775825062156212,0.21459227,3.64806845,0.0,2.845659650667906,-0.07455885533902845,10.594598365215514,2.3605151,0.7079616631378913,93.89917024206119,99,90.73375695747451,26.88932439562619,5.562328213811339,97.12995018337351,1.2999766530923618,99,18.35129636664277,36.90316610452883,93.99500369798926,99,40.43899599051441,67.74586320221196,16.73541925950915,25.05102999029455,96.89273277769352,58.194053995357464,44.975666322830875,17.351652115734055,35.991381300548795,96.04171671360483,99,68.63365848468347,98.51889918254234,38.59850307933812,90.05749644288932,84.65344194687698,95.90324674032064,81.57315314189482,93.84791685432087
georgesoros,2.8373090088072086,-1.1561531703495207,-4.194156411919496,0.06246096500000001,1.498421865655083,3.529601289337571,-0.08652974693595272,0.8246805528893524,2.2553065039466422,0.06246096500000001,0.06246096500000001,0.179789046325868,1.748907,3.005243240611837,0.5390138230495094,1.0657000998848738,0.9056839000000001,1.5302936,0.031230481999999997,7.707445839425251,5.762093280312341,-2.897558967203099,9.355704833667698,0.09369144,-0.1561522999999998,0.24984386000000003,-0.1723750444614613,2.574617389736026,12.113899670593478,2.5,-0.12047087075109153,17.927894072390927,93.73970161520856,2.5915782842969195,34.02817507791351,94.59315765275194,98.17759482106268,25.581480052906002,8.350495927168621,24.750311630412433,39.83444795092109,37.64040405751092,1,99,71.34064564689514,99,57.43093949444591,60.265911123616725,90.11484660341877,24.694006330489863,65.26683865012726,99,22.227574093223698,99,49.89694077770211,7.967025448143408,99,5.834541738027315,99,99,84.07462308539698,87.6499409790312
MichaelDell,8.067352864321608,6.818968535057103,4.517070549516908,0.0,-4.815745786435786,5.470772287302724,-4.162858018051166,7.39042777173913,2.2323826960364435,0.0,1.7137097000000001,12.351535689961157,0.2016129,-1.7687788056745437,-4.709321505843279,-3.3317549969645874,2.4193548,2.5,0.907258,-1.070342108953905,1.6152398784906847,5.112359781427456,12.095348864343196,0.10080645,3.7298386499999996,0.0,4.755731735128063,0.5641210271745115,10.650439739230016,2.5,0.917558524220524,99,99,98.62642150315286,26.88932439562619,1,99,1,99,24.317460272591457,36.90316610452883,99,99,39.46680348009265,2.6197589222341446,54.92658922493347,1,96.2673946999238,99,54.50227033777493,1,42.245038798203204,99,99,51.04644288969723,98.8035826439951,38.59850307933812,99,93.80295078561615,96.17512959664293,84.07462308539698,94.94918913280915
Carl_C_Icahn,5.635053424096245,2.2739818870965287,1.3482704236242937,0.10413051,-3.36444373964037,4.213955788978759,-0.009703007035656519,3.7389265543059294,2.249071124602381,0.10413051,0.10413051,6.812516459183131,0.06942034,-1.3172948019700468,-2.0224741357719784,-1.2712103455267463,0.5553627400000001,2.5,0.52065253,3.0769307488400783,1.8255924117728153,1.5169824420769087,9.381025213694498,0.06942034,0.7983339,0.0,1.5210102919726078,1.0357040261206112,9.973566699073988,2.5,0.11356931987653907,81.27971706412585,99,75.97834407394976,39.176010953143134,7.010791218480715,99,27.300202818320784,78.26294934944603,24.632574105029857,41.85411255938991,42.818693094712856,76.6931630306397,30.148793294210247,4.392373460061669,94.09129836474452,10.946112293657356,46.270974860680695,99,40.575821831207556,9.991790534465801,50.84917161949754,87.31869199250035,99,45.97663280925084,30.733154085497837,38.59850307933812,51.28704983813085,97.23642240187057,91.50761105738088,84.07462308539698,89.72095279046988
RepCohen,3.8191276980456816,-0.09383485724840845,0.021837042414598606,0.15368853000000002,-0.9369815106973195,2.6916630261196306,-0.7036369756822474,2.755460305890818,2.1531039795241456,0.56352457,0.30737706000000004,3.766795814817997,0.56352457,1.1116094494964817,-1.6560445983313847,-1.1653673780746197,1.6393442,1.38319675,0.9221312,4.269172312104365,3.7787148985288903,-0.31269167245717877,10.214858944858625,0.0,1.9467213300000001,0.10245900999999999,0.7410667612228643,1.3787775936550715,10.065613032541604,2.5,-1.2248792624949427,38.80877732645581,96.80589869875655,52.777316249560855,45.54970922303923,52.56229522644719,93.04181474866718,14.147666138481869,52.03297122170209,22.85624790852597,64.1519673930574,68.1734974263461,23.151279579920196,66.48965050027262,33.27207168199793,96.0652564858004,12.188210813299097,84.13037899204161,86.63669385949396,55.02351865900404,19.741835564640994,97.88877241242412,63.75389144982764,99,35.14827527205458,72.03388036616161,84.02637780938221,24.009128465671242,98.53729424185116,92.32281950459853,84.07462308539698,74.04540630022132
elonmusk,2.509436343764687,-2.2909499388106043,0.9600456656954417,0.18185492,-1.1599116881436677,0.3358760937984271,0.621247304673251,2.5579405049114228,1.5895247877789567,0.22226711999999998,0.10103051,4.048166991643074,0.44453423000000003,0.7967868405601886,-1.8701442511575186,-0.547166007178,0.9294807,0.8890685,0.34350373,4.70666889928238,3.092863134494762,0.3701651056151778,7.645745555047277,0.060618309999999995,1.0709235000000001,0.020206103,1.4450775115753773,0.26167598643457735,6.429397551259628,2.5,-3.1761430161784743,12.928990971985696,88.31120608910021,69.82847667606221,49.23089839257202,46.90775680041426,39.26111220470195,42.95772105426384,46.1674982898715,13.907064071705728,47.60982678324059,42.43528741685075,27.471229453139184,57.84630779217093,27.50320435611967,94.99786198204178,21.4446187140513,61.1885354812394,69.36968200409086,34.45398971133897,24.40414669170863,90.77447378114209,74.11110793937236,90.65585516502215,44.593640798462594,40.30649621212122,48.555543143749894,48.41352929329715,90.20578149524485,23.50259934518983,84.07462308539698,39.625576365581765
ericschmidt,6.3680366649928795,3.359717012101486,2.112554072417759,0.15278839,-3.4576644779747907,3.240965212663685,-1.5468610120365107,4.729069219643668,2.482202079744414,0.19098547999999999,0.076394196,6.547047570702271,0.4201681,-0.44480644061631147,-2.6034571005728235,-1.0778639332847624,1.3368984,1.8334606999999998,0.30557679,3.30856719703379,2.849062420538915,2.2754169159244566,10.983530719363689,0.0,2.1390374700000003,0.076394196,2.359138482246502,0.7267629848618637,10.89002533650476,2.5,-0.6262230248130048,91.32105052647756,99,85.81123150459513,45.43603723911065,6.261436327791186,97.03876576772755,5.010893008295665,93.50649093290922,29.27955161463516,46.063030617096295,39.349825017359,72.61225697570079,56.01502747240129,10.569329503715595,89.45511904783733,13.288845238421674,75.64365916196019,95.1292583416094,33.20566701414093,11.544040875182851,85.91711388329229,92.90270327619534,99,35.14827527205458,77.82224144857668,74.81705387516733,79.530760071652,95.24849641816908,97.19913085086554,84.07462308539698,82.19802328299295
rupertmurdoch,4.39474053202864,-2.2743537472892665,-0.38688851868803115,0.1404889,-0.43582313156845687,1.7187930820247566,-0.20762074015711995,2.6820205382692204,2.435611565536766,0.056195560000000006,0.2809778,4.99508951648812,0.44956450000000003,2.6440904828373264,-4.00845608578064,1.1367285476997968,0.8991290000000001,1.5453779,0.16858668999999998,8.744556555764044,3.1288773137431565,-1.412511648148747,11.875430532887318,0.8148356000000001,1.657769,0.028097780000000003,1.4248395468058654,0.932933469322043,10.709277218303452,2.5,-1.6073879381096756,53.50524291875119,88.40774496667326,44.97981747482203,43.838139196164526,64.88331967475852,77.51454504956081,23.03324024773199,49.85213179715577,28.331854290770718,39.53655557842604,65.10988406269456,44.27803105644803,58.21654590240983,64.56810536350287,69.12456795124645,59.09112304911575,60.011771474513445,90.42681117274128,28.8049982929493,77.8572695025924,91.37221832704827,45.10469562659846,99,99,62.19953002244669,52.51311733531822,47.647664969001525,96.6734697693059,96.44277950372312,84.07462308539698,67.94926050824076
drpatsoonshiong,4.528573890643285,3.8299530243446016,1.5480566892685272,0.0,-2.390077194680003,4.85456825017185,-2.9452623734383216,5.564380388986971,1.8279294483441964,0.0,0.3976143,5.680435133234784,2.5,0.7082932912749977,-1.253314689393819,-2.857763568183125,0.8946322,0.19880715,0.4970179,0.5353525832298981,5.170217339866675,6.009133634333607,10.712961507528913,0.19880715,2.1868788500000003,0.09940357,2.842307136836891,2.76789604417354,10.947184038355239,2.5,2.8043383229891052,56.92123668543021,99,78.85534782680796,26.88932439562619,19.57297268583099,99,1,98.3019847727711,17.35323337739866,36.90316610452883,77.72818964851008,57.351051748222574,99,25.953856573301408,97.54446814495196,1.4923002171924051,59.830923353639044,36.84969455641398,39.726809591521125,1.4570558760103949,99,99,99,66.35665275287539,79.1510640256734,83.07003186449016,90.00373838392782,99,97.394516492807,84.07462308539698,99
jankoum,5.13349415770452,-0.2745178399220253,-2.248189129027762,0.70422534,-3.004734937441934,1.792881605142055,0.7359312764987647,4.106924495409312,4.001084063990236,0.20120723999999998,0.10060361999999999,5.994671284008236,0.40241447,2.7908905444695806,-6.123809130865618,-0.05269294989104334,2.0120725,1.4084507,0.70422534,3.6204154970576568,1.2588429852495175,1.6434702418703453,6.512276680050349,0.10060361999999999,1.1066399000000002,0.20120723999999998,1.9195678782988121,-0.8812373250061508,12.958993595259578,2.5,-4.3006217512879505,71.38513358520593,96.38549062329092,15.409839644937206,95.48014704672052,10.633874013467068,79.1406775122275,46.019790974256146,85.41223755499279,64.55038746761186,46.5684702033599,42.38248998142412,63.15604973044107,54.66928465180879,67.37574253548108,26.315512750122863,31.177836136813582,91.53441608663367,87.287813582889,47.13507070464506,13.871180887315486,28.665051039502323,88.40828219966741,73.73162088644662,51.01367364364192,41.6340289918415,98.65857334063321,65.8978197658927,64.34089318415936,99,84.07462308539698,21.602787331638496
MickyArison,6.021631501934271,3.514694370847715,4.592579389443121,0.43010753999999995,-3.3809254232046495,3.0536444805354135,-3.8771621608814932,6.037069975477201,2.8541884787222527,1.2903226,0.6451613,10.76185047088416,0.0,-0.3797064934591854,-4.093069254961735,-2.0217020750450336,2.3655914,0.6451613,1.2903226,-0.39728754700153823,1.9235958194493676,4.158939385209473,9.031236036499923,0.43010753999999995,3.2258064,0.0,2.8228347037548787,1.1237340854777282,6.740421822940185,2.5,-0.5184888956979422,87.24317863973164,99,98.75950205403517,78.70211318696084,6.8774036328821,95.97579771715938,1,99,37.43971083634895,89.61018499827979,94.04508193485151,99,25.687734709530453,11.202696620367375,67.50598257399696,4.621857300336203,95.81665482502848,58.25902981032196,67.76791682032722,1,54.856297361196184,98.83954870404328,98.38571671101407,91.23764755238386,96.34054778554778,38.59850307933812,89.66905829113063,97.64911037732927,29.500516383698386,84.07462308539698,83.47021274177195
CharlesSchwab,6.176621377569569,4.665419695052433,2.155101632766258,0.039556963,-2.7088530994880307,2.794364578760117,-0.38264740845747924,5.455349052393082,3.166257866887756,0.15822785,0.19778481,7.902422458063127,0.15822785,-1.2508206932720396,-4.238193027183621,-0.25288216524015494,0.5142405,2.5,0.988924,4.697997145726053,1.3638147049903502,3.3289571175603143,8.901920743770763,0.0,1.3053798399999996,0.0,1.2469142758451388,0.33216601207740026,10.31822786240564,2.5,-0.7306278826905142,89.19952318292822,99,86.2628458123125,31.341391095779862,14.465597805268482,94.00734885386301,19.602101028840035,98.00439716907147,44.777350257105894,44.48325056413317,54.786402149070454,89.46116896396059,36.3120370358376,4.722086516318276,64.68283387522821,27.019301288858802,44.652852950400074,99,57.43630508492128,24.306138627102772,32.47034996282586,97.24848781924265,98.0980860417541,35.14827527205458,49.06741818181816,38.59850307933812,41.033122620083645,91.16110366075375,94.24786689273698,84.07462308539698,80.89403013210246
travisk,5.909514577436833,2.1676166746938783,2.761155063455227,0.11976048,-3.204891224105043,1.3995425429234734,-0.4194562869456082,4.395989072847108,2.412950957750253,0.23952096,0.5988024,10.253462708974093,0.23952096,0.06930060062435306,-3.1441338363808393,-1.0655251509326202,0.7185628599999999,1.6766466,2.5,4.176566792561019,0.44768069222891804,2.799260175334198,10.306400284453773,0.0,2.2754492,0.0,1.67707676980689,0.6990133655117614,9.769056886764098,2.5,-3.393864933916162,85.67126265386514,99,91.6503854824966,41.18826512235555,8.48345133060159,69.80782110789892,18.912732930812123,89.75885905172584,27.875447286007105,48.46298453210757,92.07018154183594,99,42.2953753898111,16.34028129106668,83.21087524931923,13.451510125601544,52.851494178996646,92.87825821960988,94.07607331444157,18.816595401603234,8.089089758842107,95.47430579453106,99,35.14827527205458,81.46788493038493,38.59850307933812,57.14717887369515,95.03617779546559,89.46448993886456,84.07462308539698,35.77948354914748
RalphLauren,4.875942091395962,5.617685992608748,1.2841499697506684,0.9745763,-2.1568102944480687,2.84750593603581,-2.550153500279695,3.6898652852923166,2.966008454397067,0.16949152,0.08474576,5.692036152939037,0.8474575999999999,1.0762306232134429,-1.577777385662081,-1.0514830302462663,2.5,0.8474575999999999,0.25423728,-1.112834356232455,2.4180405063019417,3.788451271407753,8.398653858631139,0.21186439999999998,2.03389826,0.08474576,1.8021456509429354,3.2394573362559864,7.43542193416991,1.8644068,0.48978248365238986,65.49200419376807,99,75.01776680474994,99,23.89530765265716,94.44635221838753,1.0116276459650995,77.167201756818,40.01748530264815,45.03866336948782,40.39804980479333,57.56536157797675,83.376487137956,32.60775543062646,96.38772862402834,13.636630497452128,96.89273277769352,67.55633382239654,31.537832462308657,1,73.63335073202549,98.25142752369665,96.19387504126735,68.24016286186733,74.76033296676441,78.03040323050908,61.73657852204845,99,44.94057798154726,70.92780210164932,92.51484395500547
brianacton,3.2182142370442266,-1.3407594871267488,1.6875204480935002,1.0362694000000001,-2.301504486452918,0.9464339674758492,-1.6493582940464766,3.848282117785287,2.8118701128580197,1.6839377999999998,0.38860103,6.843257770648965,0.38860103,2.70060193666603,-4.645310546593951,0.5941528679960151,2.5,0.90673575,2.2020726,4.686557572889304,1.7500809892866993,-0.6838485309670361,7.243691789666317,0.0,2.72020735,0.0,1.2268581594891237,0.1425587941454045,6.669964758209657,1.8134715,-1.795831963871417,25.06747822828935,93.03286894129297,80.72052370423857,99,21.14095105276366,57.22058814629251,4.355016378287356,80.5590224735067,36.473160884453165,95.96359912146501,76.84989823847384,77.14059573616518,53.638690847074635,65.66853481064824,56.295071310252794,46.04979667667714,96.89273277769352,70.13478376883988,90.14993774971919,24.176848699020155,47.735298527286574,57.59013333720214,85.94212681330136,35.14827527205458,90.5844785246533,38.59850307933812,40.27546488132918,88.43333636136697,28.094968622307455,69.68379842984106,64.77672807012385
benioff,5.716783124474702,2.1306839623524043,1.498216612897886,0.15612802,-2.633400836575145,3.2449613868877734,-0.44202709064436396,4.4125397501213595,2.3594795318928545,0.0,0.15612802,6.632304893406541,1.0148321,0.37414469057249633,-4.374316436570969,-1.190485560533465,2.3419203,1.2490242,0.15612802,4.375099202753608,2.2457739051262355,1.4030367186405122,8.110107836419818,0.46838406,1.87353624,0.07806401,1.7569560365970553,1.1324648891588045,9.015528934238102,2.5,-0.9504704300172551,82.66954899728033,99,78.1526227073753,45.85777426633684,15.579327285455431,97.05593994837558,18.499998342457594,89.98226024325247,26.798479997841987,36.90316610452883,49.45969442864305,73.97724773305382,90.12468111731071,20.60796662245146,61.94331843411954,11.884422254356197,95.59154612592609,82.78385016333968,28.42724374076358,20.80599962581483,67.5145031342502,86.26992489525149,94.51815422941134,93.44061335555828,69.66829816017315,75.47698201648464,60.09224352656485,97.6900406881979,79.02600259935117,84.07462308539698,77.99940225100018
reidhoffman,7.834744277276796,3.866504033952366,2.2363719780689166,0.0,-3.590662013318113,4.5451345372181375,-2.366962306356438,5.573298007587097,2.126361241402453,0.10928961999999999,0.6557377,10.00929016913686,0.10928961999999999,-0.697384006062445,-1.2516601009645099,-2.5097205601926724,1.2021858,1.6393442,0.10928961999999999,2.476479911818514,2.50826103775257,1.126891638526654,12.600450097512928,0.0,2.622951,0.10928961999999999,2.6142590408288378,1.7467182779292625,10.80496812056269,2.5,0.14707298821328274,98.93537167545664,99,87.10307764170189,26.88932439562619,5.2924187041632305,99,1.4673089967652087,98.32632431434533,22.366588691796263,42.09940548424679,94.42297206780799,98.77319278892054,32.873649152404845,8.336208546411303,97.54959085248657,2.421784580626294,71.19335993361153,92.2371806979193,27.007074588109585,6.700688588452007,76.57610239776851,83.47957295473505,99,35.14827527205458,88.94971955128204,86.01618342470564,85.69250539324068,99,96.87807451468267,84.07462308539698,90.00386882107087
RickCarusoLA,7.180337183244993,3.8885063922956244,2.99976961963159,0.27142301999999996,-4.335830930945134,4.17346447407579,-1.8908652975454463,5.087928486800778,4.60836787372723,0.46529663000000004,0.5428460399999999,8.809905008084986,0.7754943999999999,-0.9831627759255293,-4.887742771282968,-2.3741572004962634,2.0162854,2.5,0.31019775,1.7798898068519375,2.516216069862933,2.425783845555199,10.703709248878193,0.6203955,2.3652578,0.0,3.00419505060467,1.1869805364074644,10.125561806095089,2.5,0.8543569840911547,97.02861507982026,99,93.26599038576398,60.84059899202775,1.8632154058685182,99,3.0325424297624313,96.2417422580137,77.02422180220141,59.50700728681799,89.05538602820643,95.40787617170076,79.70408049487574,6.2691851620177985,51.14102257561931,2.8969836317114113,91.60077219075136,99,33.3557852515498,3.995562127839582,76.82461948962614,93.73439499330578,99,98.26023252521419,83.65894412878788,38.59850307933812,92.42786587877823,97.94561193577141,92.82213879690399,84.07462308539698,94.62271803342712
realDonaldTrump,3.453584920743776,-1.1960451481006618,-1.5116440298962928,0.13880626000000001,-1.9307088034141153,2.280056043566384,0.9271386961036889,2.683647729839257,3.179204355926602,0.031727148000000004,0.11501091000000001,4.339541016725615,0.23398770000000002,2.386159850365578,-3.9299089222843397,1.780158807004273,0.7971446,1.0588936,0.21415823,7.08264051553707,3.614057037373469,0.991610372683145,8.378152816293728,0.22605592000000002,0.9200872,0.13484037,1.4294546882615853,-0.5170073128552451,12.102253176725263,2.5,-1.8360371019342572,30.144353978229635,93.5869606159087,25.267837350442385,43.61715158521614,28.563986400039838,87.96481364944061,51.19455199198075,49.900452259517664,45.08678493903328,38.37319051234233,44.21094772911662,32.324499394909004,41.88811619182363,59.389145118098384,70.60549060295256,73.24907634938899,55.98004980344644,76.22946088605876,30.235809431808107,56.60941071301367,96.8769788848015,81.9938194076827,96.09846660040722,70.27738496840428,34.882407407407406,91.93873005969765,47.82231554443085,74.63243824777634,99,84.07462308539698,64.08445508662196
dancathy,6.479127711825393,1.651194352530169,2.9811691118002916,0.9780676,-4.844140765120217,2.711166788959869,-2.1876720431937597,6.200236965406942,4.764095729300868,0.2667457,0.35566094000000004,8.682804873758027,0.9484292,0.7690266362899898,-6.312986101697657,-0.8637915625141943,1.4522822,0.9187908,0.9187908,3.133402308112897,2.3390227006405335,2.9672678686466654,10.809135189262783,0.4742146,2.9045645999999996,0.059276825,3.2112752973486773,-0.1786245048642905,10.14493943581839,2.5,-1.055850211394162,92.39810065399206,99,93.15311911720264,99,1,93.22537093746054,1.9132869259090186,99,79.77485279121967,49.809177489263114,73.50408315998244,94.80208599507966,87.74049148043282,27.01669534332264,23.125414265347793,16.277659755697478,79.13636382982672,70.642011677655,54.90574911070799,10.362533671628455,70.91513333240432,96.12937381641645,99,93.7387092229201,93.19069572305331,67.49018402588433,94.84768524491409,82.56523582539376,92.98353700051133,84.07462308539698,76.51482451581137
JBPritzker,3.4032055303763777,-4.250914400374478,-5.10705064451056,0.34722222,1.0257863830007508,0.020071920865174286,-0.012169739899492438,1.4944567002753688,3.988946855774972,0.17361111,0.26041667,2.840817963380514,0.26041667,4.280118305933863,-3.977902690400305,2.3937561088170645,0.78125,0.6076389,1.3020833,6.1454885052037795,2.262896947839123,-0.6038689274927659,6.72592748884011,0.17361111,0.9548610499999999,0.4340278,0.22487956858268188,-0.6166925904948866,13.34652799876981,2.5,-4.694994720892627,29.017865372017038,72.51106674355235,1,69.99037918478352,90.45218214159851,30.606795562006752,27.244570593155334,18.8018158525526,64.27877041009225,45.23453170342743,62.62404650454903,11.92765797846481,43.86667586240682,89.11819430201571,69.70903109648204,83.96437399662014,55.33915124064573,56.47799305387184,68.14997932567123,43.13205794146516,68.14495389687494,58.91834516585682,77.76384905613396,62.563680535379234,36.1059531614219,99,11.633479524464772,71.95859447161702,99,84.07462308539698,16.628768934302336
nathanblec,4.47977913352888,3.45094840076898,1.7508986849220405,0.06963788,-1.6901583131115463,3.703771679213022,-1.9630879178187177,4.124735760790104,3.6466636942479185,0.34818942999999997,0.41782729999999996,5.618813529233948,0.27855153,-1.1455709806882273,-2.5581971254660774,-2.351761875426382,2.1587744,2.5,0.8356545999999999,0.5882424261341501,3.088855871994269,0.7742792309037045,9.179924056795018,0.06963788,1.6713091700000002,0.0,1.3506585662773583,1.6621706335131807,9.24908749515831,2.5,-0.5074472825476362,55.66120422282452,99,81.54923019514965,34.900926902113504,33.94487016234382,98.65367832717314,2.741996613848124,85.71275833147912,56.30836723257809,53.836359226553455,79.61190012701502,56.18120133014309,45.24502785866478,5.287527861384349,89.89588425314236,2.975487419503213,93.59600851408675,99,51.91709009407274,1.5273806325579065,90.70445346836046,79.41478640020755,98.71643733875908,46.01084391754293,62.67442375140293,38.59850307933812,44.880437702075994,99,82.7706332947931,84.07462308539698,83.5985439034445
jgebbia,5.230091804342114,4.4880598961553355,1.4345058103757662,0.3888025,-2.505689123500168,2.7548869165544128,-0.8531366753757575,5.227583443420038,4.868416808274164,0.23328149999999997,0.155521,6.808328996690736,0.3888025,-0.19915591753974238,-3.5450804627735533,-1.107813711684706,2.4105754,0.622084,0.3888025,0.7211052861419192,2.1849370299145305,3.920497679424745,7.835632490532454,0.0777605,1.244168,0.0777605,1.845891689116765,1.423239895725293,9.264484503392513,2.5,-0.27703541543468435,73.46384343322818,99,77.23172971869849,74.55655119097942,17.597838747700628,93.63683512827079,12.007087965317755,97.02950870665292,81.51158337999777,48.15445937783782,49.381615618591795,76.63221547886263,53.65411259321403,13.097106963611045,77.26304616426363,12.900499849201047,96.19931757791318,57.17599161987039,35.98008595827331,1.7040411739999985,65.24769110021117,98.46104096728757,92.43065834152932,47.32313565640679,46.74878787878787,75.35807080640504,63.28992391808328,98.6698687315887,83.00399916310634,84.07462308539698,86.1100053015313
TomGores,5.823015288741439,3.2349757285487484,2.0181403052734694,0.06127451,-2.074823351489454,1.1311786428241901,-1.7380442053247287,3.2977645473469366,1.1851296772086293,0.12254902,0.4289216,5.720205697044063,0.18382353,-1.7722261628861908,-0.6543888276729002,-2.551755456438519,0.9803921999999999,2.5,2.5,-0.546108849990445,-0.4068556459490327,0.39960608274475096,7.738221837664543,0.0,1.53186288,0.0,1.3900524604201911,1.9907174198956428,6.838472018240794,2.5,-0.7598298274337005,84.37365564175718,99,84.77222646753265,33.88804229100479,25.53336569048103,62.52192325001212,3.8279056660522075,67.47949271786342,9.209787262108959,42.729831470094595,80.60288630900018,58.085747747063905,38.15746964092688,2.6092820976818105,98.88966486878742,2.274436928183768,63.123960767187306,99,94.07607331444157,1,1.1681487039530283,74.52117224838084,91.55692899217766,35.14827527205458,57.583001165501166,38.59850307933812,46.331218937377145,99,31.553519013280273,84.07462308539698,80.5169194246384
RobertPera,6.88042150420338,0.22463953076403098,2.2488887096308736,0.5204945,-3.4059684452960792,1.7006614784817764,-0.693629913299834,4.550599338319643,2.5670363397046585,0.32530904,0.6506181,9.617972537371106,0.19518542,0.832759232601457,-4.991719047793566,-1.099885113115651,2.4723487,0.6506181,0.5204945,3.2650714506954372,1.34514630085864,1.9061055296458935,8.744137452846665,0.0,2.6675340999999997,0.0,1.87391987524413,-0.1943365831163183,11.006237524375079,2.5,-0.5768137432507631,95.44652365009306,97.41097729258072,87.22553377845377,86.27486007626015,6.6763888709047015,77.1060375911181,14.301545188525129,91.6643506208199,31.08451315720023,52.70498313719605,94.24005100537805,98.0821900205033,38.99372787007604,28.133635341771065,48.91335730490484,12.998624854696708,96.678319386818,58.51512228204336,40.57007195082238,11.241524903988296,31.783000767991165,90.4683230119573,97.60243218875415,35.14827527205458,89.72007747933884,38.59850307933812,64.29832423154735,82.23849308303038,97.59637907717867,84.07462308539698,82.78700731620638
johnpauldejoria,6.644348445695656,-0.3639293199649921,3.854719600777882,0.0,-3.468975033831465,1.9148561051869086,-1.1204982505638916,5.616712199901541,4.605214116759955,0.33783785,0.16891892,7.406561461333389,0.0,-1.388489524990295,-3.995385441192889,-1.1330842729271389,1.8581081,1.8581081,0.6756757,2.5305596452960213,1.9634853053487733,0.4043629589110155,7.143523120393347,0.0,2.7027026800000002,0.0,4.058609861873084,-0.5424619111565907,7.4496329924240055,2.5,-2.0284918523276776,93.80921497491772,96.17745050964449,97.14950648357029,26.88932439562619,6.170649014460521,81.64193921806307,8.772705402529896,98.44481800488434,76.96647654966502,53.32450037716014,51.10494211650274,84.4809187746831,25.687734709530453,4.039246051870447,69.37459941095553,12.587749249054603,88.86537814063726,95.41298318911687,46.09629949006787,6.948266739744185,56.49547650922777,74.58742769668248,84.54408803788492,35.14827527205458,90.30352272727272,38.59850307933812,99,73.96537142047606,45.26609180785165,84.07462308539698,60.684925574371896
DavidRockefeler,5.500371360880775,-4.71022281834159,0.9243238160414521,0.34843206000000004,-1.9161043498421926,1.3008523509065506,0.713172794254312,6.442408944061506,3.8726470109089495,1.21951215,2.2648083,10.79228679223914,0.17421603000000002,2.4545025362211623,-4.0207299017417295,1.8261792801351746,0.34843206000000004,0.8710802,0.5226481,8.393827881347017,1.643246453779196,1.2056064915623415,5.3848063600120275,0.0,1.3937282700000002,0.0,3.425481670282057,-0.6372654666434043,12.614577024689568,2.5,-0.5678173175225927,78.86475830480339,67.69286558701074,69.2168849479772,70.12768762720775,28.87268336837471,67.1872636990587,45.42679281394587,99,61.62519198022193,87.95970073699199,99,99,37.47069593518007,60.79463997858858,68.8897792152856,74.17356130079177,38.12227069916827,68.58577559743365,40.64843012583662,73.91480266843901,43.36975067130705,84.31357936058004,48.11323657825085,35.14827527205458,52.413949621212126,38.59850307933812,96.63805159946187,71.40242047463086,99,84.07462308539698,82.89424933516203
kennethlangone,4.685081381549476,-1.1089655453143752,2.2159106889184885,0.39525693,-1.525985250652316,0.827684992086227,-0.6464136044499904,3.3992590590678198,2.0350460333442815,0.7905139,0.0,5.472138423150979,0.0,0.2553561388412935,-2.4027016749741503,-1.3013337149417912,0.52700923,2.5,0.9222661,3.939954588192418,1.458569383689787,0.15207393198033747,6.503005666718279,0.13175230999999998,1.9762845799999997,0.0,1.9567608355175403,0.23775787157870787,8.218432978099102,2.5,-4.181890062444197,60.84879529099358,93.92037666339537,86.89656393470433,75.23266304770736,37.83559382201752,53.73784363081716,15.028906430021419,70.16463300483373,20.747835403562966,73.99013323852616,30.301344646823317,53.403235795407866,25.687734709530453,18.876547287937214,91.2899983682533,10.613973042154571,45.16126045294649,99,55.028426960364285,16.590999893240667,36.03288595122074,70.97507492079592,73.54465595291738,56.00606079993279,72.96706376262625,38.59850307933812,67.15815770771523,89.86805089698014,63.1369462334327,84.07462308539698,23.263428392091114
jimihendrixlive,5.674180317211386,3.589196097666154,2.983792403285172,0.35756854,-3.068678167378284,4.514219103688815,-1.5930618842031379,5.017928903775417,3.324207210365274,0.23837902,0.9535161000000001,9.577536753426552,0.23837902,-1.3764557458770614,-3.6029972661437712,-1.6161275347087867,2.5,1.5494636000000002,0.35756854,2.7823462827200807,2.6989282221114457,1.0634816986677131,11.01416579956725,0.0,2.38379026,0.0,1.963381777255809,1.2980395799242823,7.020943734199271,2.5,1.3845025170224485,81.9624049903405,99,93.16903772761856,71.15670571550743,9.903655649771787,99,4.714352106345023,95.80622139888374,48.5548570481033,48.40651855353461,99,98.01078705682204,42.21132628159102,4.098933863673482,76.32300618162712,7.519277285347615,96.89273277769352,90.51130920320215,34.92782716332375,8.249611679023966,82.16860222340591,82.7898421091594,99,35.14827527205458,84.09303436147187,38.59850307933812,67.38186840302099,98.29655544798759,35.459485603505954,84.07462308539698,96.81930235318976
TilmanJFertitta,6.111388721522275,4.592288500241665,3.570286432424661,0.10010010000000001,-5.043935270322271,2.4251801059755382,-2.3526128872473304,7.010379945652174,3.7051144780201923,0.7007007,0.9009009,12.149325338553847,0.20020020000000002,1.171411893853049,-7.084372173410669,-0.8925482120635339,2.5,0.40040040000000005,0.35035035,0.7355635958529074,1.7038805853543857,6.020132575713243,8.820551385302359,0.25025024,4.15415416,0.0,3.3608919834514746,-0.03500056037267274,10.559586281128874,2.3023022,-0.021104667112707753,88.40117348068573,99,96.15008640911816,38.66704045883607,1,89.98499636330568,1.5030026485330674,99,57.69334134371816,70.26476681976978,99,99,39.36282588478773,34.409625225942456,12.550406377024483,15.849227351879438,96.89273277769352,46.40307066549999,34.68464941989586,1.7232656045273205,45.83666079914297,99,97.86965938532829,73.55883719233225,99,38.59850307933812,96.16800075286714,85.39835286491423,95.70791694726172,80.45381697673379,88.5585088589144
BWayneHughesJr,1.6699543270822632,-0.04273656677452908,-2.660407606189745,0.9460212000000001,-1.687691760758268,1.025222903529285,0.3169900822187597,3.5793378141482775,3.2478688201743067,0.38953812,0.27824150999999997,3.1163673836269474,0.77907625,4.023919523513541,-6.1630844725015805,0.8104802938926097,1.8363939999999999,1.1686143,0.6121312999999999,4.2493473006354945,4.174440976111702,0.8499258462930718,6.557947565397836,0.8347245999999999,1.39120747,0.22259322,1.2308027150359164,0.42520950505413513,12.511851113850707,2.5,-4.638243706183276,4.750656705374512,96.92479276193744,11.20387190989615,99,34.000757162961364,59.49257705663301,35.07567990324161,74.62784237728471,46.709820427173575,55.840944969727055,64.78399592435275,14.763332717960742,79.89448098671006,86.40871763719588,25.62673475643899,51.29727820236773,88.44444008249805,80.15149298017836,43.82425304858636,19.542669285066246,99,80.3220812499169,74.63159477548062,99,52.31846477272727,99,40.42473850656258,92.30664365002495,99,84.07462308539698,17.295751455098088
robertwduggan,7.571181436086683,-2.4640161770291154,1.921767467815663,0.24968788,-2.170475665103415,1.7658610883235328,-0.8861945659040655,2.570138239542911,3.3137736373046924,0.12484394,0.37453184,7.630158732606008,0.8739077,0.8598058518734184,-2.2088868905691963,0.18585537221752468,0.6242197500000001,2.5,0.37453184,8.266404685823117,1.8590384312005204,-1.5207590593628466,11.426799837037109,0.0,3.4956303,0.0,1.6010225838590673,-0.42397838685123823,10.713431417164415,2.5,-0.0469561877235789,98.30981903905433,87.26190984216011,83.65584213585406,58.05736832346945,23.632719104102243,78.55808196640133,11.576551396064517,46.52971758108125,48.30268609799861,42.8389447937323,75.46265321818481,86.90421764822712,84.61132848993246,28.607638483586022,92.82212262974271,36.44776256513329,49.04741206248223,99,35.49931350755829,72.37865805693932,52.228388915485375,43.23932539960541,99,35.14827527205458,97.98142351988089,38.59850307933812,54.30283763405382,76.97135867553298,96.46167682829648,84.07462308539698,88.3273862986484
BillHaslam,5.848388304699869,5.043034057539008,1.874412389321431,0.33414338,-4.684608640112804,5.159496692825248,-0.8212223594800949,5.422809341806543,4.068195930243848,0.30376671,0.2126367,6.621243264805583,0.4252734,-0.7182955576041345,-2.9672001274990154,-1.841025425525089,1.1846902,1.2758202,1.12393685,2.9509612240492897,3.1181717340925212,3.421974572885305,11.904833549202907,0.48602675,1.5795868999999998,0.09113001,2.4865279488887326,2.176138133610395,11.393340120188295,2.5,1.6139522808341278,84.76366172799453,99,83.08830763808044,68.45672331111805,1.0501076128520177,99,12.447759527766493,97.86727663618379,66.05040850763592,51.639770653009954,56.68820369022771,73.80014833182169,56.40581836218867,8.16441938088086,85.48190914570026,5.77204753368985,70.59187774820086,83.60666796455604,62.19089320964409,9.219610899250865,91.19977020123262,97.48064375713884,99,94.30074831073152,59.33404924242423,80.307616246137,82.78531278385204,99,98.58490042480149,84.07462308539698,97.48081220680831
jimirsay,4.687569524624787,4.413945577454903,2.0062557688732428,0.40632053,-3.785790869851483,2.480651851409739,-1.9470508566120277,3.654619512311063,3.7091595720840194,0.13544018,0.36117380000000004,7.038869558676053,0.27088036,-0.20071671694522264,-4.617058484908014,-1.1483558804644667,2.5,0.7223476000000001,1.309255,-1.434565573792673,1.5432666717904406,2.4136572098164986,9.17632290304141,0.27088036,2.16704292,0.0,1.128579922011545,1.444645405160731,8.685782456227468,2.5,0.1601380740127456,60.910575672264656,99,84.63657682592844,76.35669244382261,4.0809761198628705,90.68504632864645,2.8047163538760094,76.37428881939806,57.787347712851954,43.35645923889059,74.09193487341413,79.87759577697798,44.667630698667026,13.079267625094605,56.90036454401683,12.398746544418177,96.89273277769352,61.91991297868181,68.38296185813746,1,39.35276256108012,93.66811618578791,98.70842744107104,76.21485605834789,78.60747883244207,38.59850307933812,36.727236809968154,98.73369413780571,72.96450731771078,84.07462308539698,90.10681727862284
Bill_Gross,4.946204960708401,2.218014464878896,2.721985833482592,0.34904014,-3.3552924720294923,2.0091806706397577,-1.4727362441407879,4.4354784134126115,1.8962282343541121,0.4072135,0.11634671999999999,7.192666731898868,0.20360674,-0.193000213249216,-2.157315436962926,-1.585752796713799,0.95986035,1.8324608,0.20360674,1.1885886801397287,1.5196383363858366,2.2827811770757793,8.141244240902031,0.0,1.86154753,0.0,2.2683254919040987,0.2520674728757565,7.767992930395573,2.5,-2.8504194974576436,67.13015218824127,99,91.35699180161338,70.1965337438528,7.0925230467057965,83.44703848772784,5.568138293934837,90.27209761066793,18.433628388243854,56.71494678098579,44.38276818849945,81.90441534775383,39.613554162206874,13.16746430245947,93.18978909532706,7.778715254539255,62.35281339002979,95.11774814276397,29.896718403884286,2.511970816334923,38.41587376629011,92.94748824512746,94.72745949755712,35.14827527205458,69.26283583603896,38.59850307933812,77.00580522072471,90.0737002608459,52.767425911190365,84.07462308539698,45.565148634666464
john_w_henry,5.2475850577209355,2.1025033578945256,0.9538444272693907,0.15519917,-1.6576287234115457,3.10944546078407,-1.5640388697468859,3.4974998413781746,1.799949515436972,0.20693224,0.15519917,5.354129682521261,0.62079667,1.1901916661151066,-2.5008761861806303,-1.3469085125634201,1.9658562000000002,0.9829281000000001,0.05173306,1.9463901942315764,2.9639634793119067,1.7685764514337337,10.32072265248916,0.25866528,1.8106571,0.0,1.8856616811774494,1.3605565449198063,10.162753584511563,2.5,0.5748166773241182,73.84028529634033,99,69.72230563055388,45.74047671009886,34.70681031936998,96.29940212058376,4.89960381349806,72.62357934615628,16.921744946177828,46.85155664164051,49.34021977753417,51.136016955259585,70.38997018343987,34.775317718485546,90.42331860066788,10.111466866272451,90.79007699380657,73.26262902681766,25.28573311523616,4.562643536905308,88.38091751213138,89.42270726514158,99,74.66946757251881,67.54170386904761,38.59850307933812,64.70975441246888,98.48296403117637,93.11855455547659,84.07462308539698,93.06438381514702
sparker,3.7369100896841294,-4.263420689320963,-2.319695695535539,0.40695523,-0.6277694978074948,0.6584878516241957,0.8304873794971199,2.733142444882123,2.5001566282954304,0.4809471,0.4439512,4.174073463065654,1.0358861000000001,4.07287282139932,-5.032647071415576,2.304942138573344,1.8128005999999999,1.0358861000000001,0.5919349,6.597503521287575,3.322653991984718,-1.425549161323557,7.763312932940893,0.2219756,1.1468738600000001,0.1109878,1.181739589351516,-0.7971592519612165,12.223612550567045,2.5,-2.2251517886114285,36.805782631080326,72.38496985963941,14.612136150793837,76.41984214286559,60.274364718611416,48.70595841261549,48.57881947218186,51.37022850429468,29.653643677371196,60.27007936290737,81.91983779825914,29.503817003969232,90.8075632960488,86.9682350546258,48.03648481166413,82.6080940830238,87.98627933147962,75.35932457701355,43.08941229549502,49.63115401501012,94.1065749368238,44.883710512546514,91.79411761536046,69.6987048530247,43.10340378787879,86.47901785888764,38.62312020055003,66.83549843699407,99,84.07462308539698,57.1300327466397
DrBobParsons,2.5669368867641524,-1.7756143353547782,-2.5177793520665404,0.6641366,-2.133196343776974,1.2697448907617441,0.07619308006568448,2.5217411354755104,3.8519896471474224,0.6008855,0.4743833,3.621471063842946,1.4231499,3.736708344140553,-5.602711620489533,1.1340704507552681,2.3086654,1.2333966,1.1701454,4.142997914189154,3.184098702651739,-1.251307646174262,7.555142236953776,0.41113219999999995,1.1068943000000002,0.12650221,0.3686329181946757,0.06967366126576702,12.14838700970653,2.5,-2.8372636501296995,13.731339809191791,91.09471257110756,12.550518010580348,94.10300399944445,24.35997257892807,66.36125572920191,29.24560403307556,45.127438052524425,61.145123103588716,65.86252417852579,84.37841193257508,21.06446097986871,98.061524763074,82.84092782416018,36.137497002811315,59.02664525785975,95.27529689045414,82.29490539582352,63.776394924440794,18.48846991045554,92.23593295559371,47.85306310579858,89.7069198994116,89.95578130894421,41.643294726107236,90.24647004135312,14.498686638743346,87.25349920164469,99,84.07462308539698,45.80038532829633
PennyPritzker,6.405086523254113,3.197704502096244,0.6801916618282207,0.17953322,-2.9901714050979464,4.8947250981454955,-0.35717114334359445,4.210113187383157,3.0753716951609986,0.08976661,0.17953322,5.942740484761272,0.26929981999999997,-0.3392458294245735,-2.987200380164308,-0.5366008452504494,0.62836623,1.7055654999999998,0.17953322,3.713288411765099,2.848951312283371,1.6524390868439038,10.052556921193709,0.17953322,0.9874327,0.0,1.9238204187662924,1.2296341784804738,13.510081851185848,2.5,1.7907637816156883,91.69477811545869,99,65.0014499099503,48.92598056324497,10.801782381991742,99,20.08090619185847,87.09683177102794,42.596832330025535,41.171172470236606,52.47022153650048,62.22646466647582,44.54664649931644,11.611786890069427,85.23844305199995,21.633060228115987,49.21460551640255,93.33725651849214,29.141624650134066,14.628706327183123,85.91451059707992,88.48275447425853,99,63.46687690613796,37.281449915824915,38.59850307933812,66.04515538472403,98.09258914913552,99,84.07462308539698,97.95595483648066
TedTurnerIII,6.704732075392587,5.075003935567155,3.1769433867140906,0.15781167999999998,-4.996724001563251,3.555245148578475,-3.229927320107268,7.0139857608695655,3.5839207340037227,0.31562335999999996,1.4203051,11.43142513064532,0.31562335999999996,0.5232908010665551,-3.792114601843415,-1.929424052261785,1.7885324,0.15781167999999998,0.7890584,0.999248284746044,2.347592861519014,5.974155409850443,10.14069679449315,0.10520779000000001,3.1562334,0.052603893,3.408618709573717,1.364702143930745,10.56905274835354,2.5,1.3255966829310568,94.26567014842972,99,94.29942146966066,46.07320680847878,1,98.24769065323223,1,99,54.79992409955201,52.226051319986325,99,99,48.052533599917936,22.918248750383253,73.07881446449893,5.176409593276837,87.4870257503712,34.965528110069584,50.221699494797896,2.1161468913567494,71.21246946800736,99,99,51.757524058326446,95.79611027730131,64.44686741650224,96.51533155937499,98.4953250797038,95.76072965842216,84.07462308539698,96.60864600697728
lorenzofertitta,4.368056134593915,3.579818592678169,0.17876834499702188,0.0,-1.00213402670541,1.1638223243648191,-3.8470699042934173,4.847701992841994,3.779355125660492,0.30395137,0.60790274,8.835808700455896,1.2158054999999999,4.410173041512168,-6.2007005449211485,0.9235641289004425,2.5,0.0,0.0,0.5136601689906004,1.4410424636456733,6.310850475329862,7.563854958113691,0.60790274,2.1276596299999997,0.0,1.8113887792857337,0.7007533018708194,12.109503573532665,1.2158054999999999,-0.6303680598014643,52.816168743548474,99,55.746545445772234,26.88932439562619,50.90972665300165,63.43701242107004,1,94.54538474669631,59.435410892096485,51.64890161225762,92.48234497976583,95.52525103064858,95.27310867327294,90.33692492748195,24.977528372369633,54.03881440734344,96.89273277769352,28.150231938238527,23.812132689852675,1.4282126489078288,35.36244611094591,99,89.80275957484113,98.07472404812916,77.49574236685031,38.59850307933812,62.07021196558161,95.04949044262972,99,53.82183268521008,82.14861233533045
OfficialMrNice,2.6008604944836224,0.631915412082131,2.627830697261563,1.1580382,-0.9665993863339857,0.6787824388994228,-0.8907499192527412,4.428532234889376,1.4952870728813235,0.27247956,0.06811989,4.9873561695285975,0.34059945,0.5763409032635841,-5.170575326246018,-0.042116527670657544,2.5,0.61307903,1.7711172000000002,1.7317677271489593,1.7194376720282405,2.405517806763817,6.31410128699128,0.34059945,1.49863762,0.0,2.238121439727686,-0.04904675785745083,5.646788803434933,1.8392371,-2.6787746336318348,14.216862704437204,98.07827947857965,90.62221669289666,99,51.811049173519706,49.309514911507,11.517280117977243,90.18469461187291,12.689463874237912,50.09270203162113,38.32646504936917,44.1294557066013,49.964356300740505,23.76345319541765,45.11673754179848,31.40690185240714,96.89273277769352,56.7435155930364,81.56327913433034,3.8616851499484186,46.47165657848414,93.62362982206236,69.68045841831643,84.01633150051032,56.34778863636363,38.59850307933812,76.13988818347197,85.139446327187,11.803414040792124,70.31846513232804,48.739662786948685
charlessimonyi,3.2830478980399227,-0.4066703124263133,0.7254304912776637,0.41586690000000004,-1.1098677224133047,0.9910577065277011,-0.30907505043237615,2.5493879237454524,1.6637182024410233,0.25591810000000004,0.25591810000000004,4.339423948242123,0.25591810000000004,0.4723727547448995,-2.6446810368251255,0.03874579238710041,1.3755598,0.5118362000000001,0.8957134,3.734280072344257,2.470396134793365,0.9989682665636501,6.494189060020506,0.41586690000000004,0.92770315,0.031989763,1.6751238515891043,1.1164094027210822,5.559886056851375,2.5,-1.3485989265772422,26.43156655992947,96.07800197211058,65.80466764812442,77.30651187418806,48.1771027923068,58.49664588297687,20.984832159968878,45.91685008695827,14.92170011591628,49.27378068242869,62.088273394790804,32.32249122138951,43.52232779802848,22.107012630164412,89.0536588905378,33.15822993128087,76.8354395369244,51.842043000689294,54.09837873798971,14.80124997817078,75.37423114669346,82.07559747756576,73.36685486190824,90.28290582257456,35.14952125420875,54.44701595455161,57.07611715264916,97.61477201018748,10.825203557350413,84.07462308539698,72.12967725744241
